model,voc_pascal_map,voc_pascal_map_allpts,coco_map,avg_inf_time
vgg16_model_v6,0.37646448612213135,0.3488677442073822,0.5667098164558411,0.16412345812870907
custom_model_v7,0.2431764602661133,0.20839717984199524,0.44890815019607533,0.03511611956816453
custom_model_v1,0.2634250521659851,0.2261561155319214,0.5533956289291382,0.036563799931452826
